"tap_sec","group_member","condition","group_number","trial"
"3.682177",3,"subgroup_loner",1,0
"3.764535",1,"subgroup_loner",1,0
"4.029025",2,"subgroup_loner",1,0
"4.284444",1,"subgroup_loner",1,0
"4.984671",1,"subgroup_loner",1,0
"5.658413",1,"subgroup_loner",1,0
"5.711746",3,"subgroup_loner",1,0
"6.077097",2,"subgroup_loner",1,0
"3.993469",3,"subgroup_loner",1,1
"4.095057",2,"subgroup_loner",1,1
"4.837007",1,"subgroup_loner",1,1
"5.398640",2,"subgroup_loner",1,1
"5.503492",3,"subgroup_loner",1,1
"6.040091",1,"subgroup_loner",1,1
"6.549479",3,"subgroup_loner",1,1
"6.582131",2,"subgroup_loner",1,1
"7.282358",1,"subgroup_loner",1,1
"7.763447",2,"subgroup_loner",1,1
"7.886440",3,"subgroup_loner",1,1
"8.508662",1,"subgroup_loner",1,1
"9.076463",2,"subgroup_loner",1,1
"9.093878",3,"subgroup_loner",1,1
"9.853605",1,"subgroup_loner",1,1
"10.447165",2,"subgroup_loner",1,1
"10.560000",3,"subgroup_loner",1,1
"11.013878",1,"subgroup_loner",1,1
"11.498231",2,"subgroup_loner",1,1
"11.677823",3,"subgroup_loner",1,1
"12.273561",1,"subgroup_loner",1,1
"12.810521",3,"subgroup_loner",1,1
"12.840635",2,"subgroup_loner",1,1
"13.475555",1,"subgroup_loner",1,1
"14.092336",2,"subgroup_loner",1,1
"14.161996",3,"subgroup_loner",1,1
"14.618413",1,"subgroup_loner",1,1
"15.230839",2,"subgroup_loner",1,1
"15.287075",3,"subgroup_loner",1,1
"15.842540",1,"subgroup_loner",1,1
"16.447348",3,"subgroup_loner",1,1
"16.465124",2,"subgroup_loner",1,1
"17.002087",1,"subgroup_loner",1,1
"17.589842",2,"subgroup_loner",1,1
"17.752745",3,"subgroup_loner",1,1
"18.265034",1,"subgroup_loner",1,1
"2.757007",2,"subgroup_loner",1,2
"2.816145",3,"subgroup_loner",1,2
"3.629932",1,"subgroup_loner",1,2
"4.164717",3,"subgroup_loner",1,2
"4.210431",2,"subgroup_loner",1,2
"4.785488",1,"subgroup_loner",1,2
"5.455238",2,"subgroup_loner",1,2
"5.458140",3,"subgroup_loner",1,2
"6.179773",1,"subgroup_loner",1,2
"6.780227",2,"subgroup_loner",1,2
"6.789297",3,"subgroup_loner",1,2
"7.421315",1,"subgroup_loner",1,2
"7.963719",3,"subgroup_loner",1,2
"8.072200",2,"subgroup_loner",1,2
"8.684989",1,"subgroup_loner",1,2
"9.306485",3,"subgroup_loner",1,2
"9.395374",2,"subgroup_loner",1,2
"9.984943",1,"subgroup_loner",1,2
"10.669207",2,"subgroup_loner",1,2
"10.671021",3,"subgroup_loner",1,2
"11.312835",1,"subgroup_loner",1,2
"11.856326",3,"subgroup_loner",1,2
"11.969523",2,"subgroup_loner",1,2
"12.535148",1,"subgroup_loner",1,2
"13.165714",2,"subgroup_loner",1,2
"13.233923",3,"subgroup_loner",1,2
"13.765079",1,"subgroup_loner",1,2
"14.465306",2,"subgroup_loner",1,2
"14.522267",3,"subgroup_loner",1,2
"15.145578",1,"subgroup_loner",1,2
"15.709388",3,"subgroup_loner",1,2
"15.845079",2,"subgroup_loner",1,2
"16.508661",1,"subgroup_loner",1,2
"17.112743",2,"subgroup_loner",1,2
"17.291611",3,"subgroup_loner",1,2
"17.870657",1,"subgroup_loner",1,2
"2.690975",3,"subgroup_loner",1,3
"2.777324",2,"subgroup_loner",1,3
"3.619773",1,"subgroup_loner",1,3
"4.143673",2,"subgroup_loner",1,3
"4.296054",3,"subgroup_loner",1,3
"4.885623",1,"subgroup_loner",1,3
"5.527075",3,"subgroup_loner",1,3
"5.535419",2,"subgroup_loner",1,3
"6.199728",1,"subgroup_loner",1,3
"6.739592",3,"subgroup_loner",1,3
"6.856054",2,"subgroup_loner",1,3
"7.456145",1,"subgroup_loner",1,3
"8.086712",3,"subgroup_loner",1,3
"8.125533",2,"subgroup_loner",1,3
"8.713288",1,"subgroup_loner",1,3
"9.249161",3,"subgroup_loner",1,3
"9.334059",2,"subgroup_loner",1,3
"9.970068",1,"subgroup_loner",1,3
"10.663038",2,"subgroup_loner",1,3
"10.691701",3,"subgroup_loner",1,3
"11.264217",1,"subgroup_loner",1,3
"11.847981",3,"subgroup_loner",1,3
"11.853786",2,"subgroup_loner",1,3
"12.477460",1,"subgroup_loner",1,3
"13.024943",3,"subgroup_loner",1,3
"13.090975",2,"subgroup_loner",1,3
"13.652970",1,"subgroup_loner",1,3
"14.249796",2,"subgroup_loner",1,3
"14.361542",3,"subgroup_loner",1,3
"14.980136",1,"subgroup_loner",1,3
"15.540680",3,"subgroup_loner",1,3
"15.545034",2,"subgroup_loner",1,3
"16.109207",1,"subgroup_loner",1,3
"16.875828",2,"subgroup_loner",1,3
"17.037642",3,"subgroup_loner",1,3
"17.546305",1,"subgroup_loner",1,3
"2.689887",2,"simultaneous",1,0
"2.703311",1,"simultaneous",1,0
"2.796553",3,"simultaneous",1,0
"3.435465",2,"simultaneous",1,0
"3.473197",1,"simultaneous",1,0
"3.736236",3,"simultaneous",1,0
"4.305851",2,"simultaneous",1,0
"4.311293",1,"simultaneous",1,0
"4.456417",3,"simultaneous",1,0
"5.053606",2,"simultaneous",1,0
"5.121814",1,"simultaneous",1,0
"5.173333",3,"simultaneous",1,0
"5.741497",2,"simultaneous",1,0
"5.806077",1,"simultaneous",1,0
"5.843447",3,"simultaneous",1,0
"6.426123",2,"simultaneous",1,0
"6.497959",1,"simultaneous",1,0
"6.553107",3,"simultaneous",1,0
"7.124535",2,"simultaneous",1,0
"7.140499",1,"simultaneous",1,0
"7.316100",3,"simultaneous",1,0
"7.825125",2,"simultaneous",1,0
"7.844717",1,"simultaneous",1,0
"8.060952",3,"simultaneous",1,0
"8.534059",1,"simultaneous",1,0
"8.596100",2,"simultaneous",1,0
"8.920816",3,"simultaneous",1,0
"9.281089",1,"simultaneous",1,0
"9.437460",2,"simultaneous",1,0
"9.691066",3,"simultaneous",1,0
"9.987845",1,"simultaneous",1,0
"10.154376",2,"simultaneous",1,0
"10.373515",3,"simultaneous",1,0
"10.667029",1,"simultaneous",1,0
"10.862585",2,"simultaneous",1,0
"11.208708",3,"simultaneous",1,0
"11.405352",1,"simultaneous",1,0
"11.702857",2,"simultaneous",1,0
"12.077279",3,"simultaneous",1,0
"12.147664",1,"simultaneous",1,0
"12.463310",2,"simultaneous",1,0
"12.958912",1,"simultaneous",1,0
"13.138503",2,"simultaneous",1,0
"13.149025",3,"simultaneous",1,0
"13.704127",1,"simultaneous",1,0
"13.988935",2,"simultaneous",1,0
"14.194649",3,"simultaneous",1,0
"14.663402",1,"simultaneous",1,0
"14.710204",2,"simultaneous",1,0
"15.123810",3,"simultaneous",1,0
"15.716644",1,"simultaneous",1,0
"15.901315",2,"simultaneous",1,0
"15.977143",3,"simultaneous",1,0
"16.595375",1,"simultaneous",1,0
"16.690794",2,"simultaneous",1,0
"16.771338",3,"simultaneous",1,0
"17.371429",1,"simultaneous",1,0
"17.383039",2,"simultaneous",1,0
"17.570612",3,"simultaneous",1,0
"18.142405",1,"simultaneous",1,0
"18.146395",2,"simultaneous",1,0
"18.333605",3,"simultaneous",1,0
"18.920273",1,"simultaneous",1,0
"18.938776",2,"simultaneous",1,0
"19.132154",3,"simultaneous",1,0
"19.736961",2,"simultaneous",1,0
"19.775782",1,"simultaneous",1,0
"19.920908",3,"simultaneous",1,0
"20.499229",2,"simultaneous",1,0
"20.583038",1,"simultaneous",1,0
"20.614603",3,"simultaneous",1,0
"21.219772",2,"simultaneous",1,0
"21.320272",1,"simultaneous",1,0
"21.383764",3,"simultaneous",1,0
"2.747936",2,"simultaneous",1,2
"2.802358",3,"simultaneous",1,2
"2.850612",1,"simultaneous",1,2
"3.459048",2,"simultaneous",1,2
"3.649161",1,"simultaneous",1,2
"3.695601",3,"simultaneous",1,2
"4.282993",1,"simultaneous",1,2
"4.398367",2,"simultaneous",1,2
"4.482540",3,"simultaneous",1,2
"4.981406",1,"simultaneous",1,2
"5.106576",2,"simultaneous",1,2
"5.162086",3,"simultaneous",1,2
"5.658050",1,"simultaneous",1,2
"5.760363",2,"simultaneous",1,2
"5.846349",3,"simultaneous",1,2
"6.393469",1,"simultaneous",1,2
"6.467846",2,"simultaneous",1,2
"6.528435",3,"simultaneous",1,2
"7.049796",1,"simultaneous",1,2
"7.142676",2,"simultaneous",1,2
"7.275465",3,"simultaneous",1,2
"7.756190",1,"simultaneous",1,2
"7.850884",2,"simultaneous",1,2
"7.901678",3,"simultaneous",1,2
"8.456780",1,"simultaneous",1,2
"8.535873",2,"simultaneous",1,2
"8.601542",3,"simultaneous",1,2
"9.138503",1,"simultaneous",1,2
"9.246259",2,"simultaneous",1,2
"9.296689",3,"simultaneous",1,2
"9.825306",1,"simultaneous",1,2
"9.914921",2,"simultaneous",1,2
"9.962811",3,"simultaneous",1,2
"10.519002",1,"simultaneous",1,2
"10.607891",2,"simultaneous",1,2
"10.633651",3,"simultaneous",1,2
"11.193832",1,"simultaneous",1,2
"11.295782",2,"simultaneous",1,2
"11.311021",3,"simultaneous",1,2
"11.878096",1,"simultaneous",1,2
"11.946304",2,"simultaneous",1,2
"12.021043",3,"simultaneous",1,2
"12.503220",1,"simultaneous",1,2
"12.628390",2,"simultaneous",1,2
"12.691156",3,"simultaneous",1,2
"13.167166",1,"simultaneous",1,2
"13.303583",2,"simultaneous",1,2
"13.364535",3,"simultaneous",1,2
"13.836190",1,"simultaneous",1,2
"13.932698",2,"simultaneous",1,2
"14.036099",3,"simultaneous",1,2
"14.545487",1,"simultaneous",1,2
"14.638004",2,"simultaneous",1,2
"14.662676",3,"simultaneous",1,2
"15.212336",1,"simultaneous",1,2
"15.305216",2,"simultaneous",1,2
"15.322630",3,"simultaneous",1,2
"15.881361",1,"simultaneous",1,2
"15.951746",2,"simultaneous",1,2
"15.989841",3,"simultaneous",1,2
"16.509026",1,"simultaneous",1,2
"16.649796",3,"simultaneous",1,2
"16.691881",2,"simultaneous",1,2
"17.185307",1,"simultaneous",1,2
"17.337324",2,"simultaneous",1,2
"17.389568",3,"simultaneous",1,2
"17.928707",1,"simultaneous",1,2
"18.010702",2,"simultaneous",1,2
"18.139139",3,"simultaneous",1,2
"18.607166",1,"simultaneous",1,2
"18.694603",2,"simultaneous",1,2
"18.852789",3,"simultaneous",1,2
"2.667392",1,"loner_subgroup",2,1
"3.228662",3,"loner_subgroup",2,1
"3.350930",2,"loner_subgroup",2,1
"4.022131",1,"loner_subgroup",2,1
"4.623673",3,"loner_subgroup",2,1
"4.648707",2,"loner_subgroup",2,1
"5.322812",1,"loner_subgroup",2,1
"5.895691",3,"loner_subgroup",2,1
"5.914921",2,"loner_subgroup",2,1
"6.755919",1,"loner_subgroup",2,1
"7.221769",3,"loner_subgroup",2,1
"7.300136",2,"loner_subgroup",2,1
"7.894422",1,"loner_subgroup",2,1
"8.400907",3,"loner_subgroup",2,1
"8.424127",2,"loner_subgroup",2,1
"8.966167",1,"loner_subgroup",2,1
"9.479909",3,"loner_subgroup",2,1
"9.503855",2,"loner_subgroup",2,1
"10.087256",1,"loner_subgroup",2,1
"10.564716",3,"loner_subgroup",2,1
"10.620953",2,"loner_subgroup",2,1
"11.244626",1,"loner_subgroup",2,1
"11.742041",2,"loner_subgroup",2,1
"11.751474",3,"loner_subgroup",2,1
"12.339229",1,"loner_subgroup",2,1
"12.800726",3,"loner_subgroup",2,1
"12.874740",2,"loner_subgroup",2,1
"13.488617",1,"loner_subgroup",2,1
"13.981678",3,"loner_subgroup",2,1
"14.021950",2,"loner_subgroup",2,1
"14.554195",1,"loner_subgroup",2,1
"15.056689",2,"loner_subgroup",2,1
"15.068299",3,"loner_subgroup",2,1
"15.640817",1,"loner_subgroup",2,1
"16.120817",3,"loner_subgroup",2,1
"16.203175",2,"loner_subgroup",2,1
"2.640181",1,"loner_subgroup",2,2
"3.255510",2,"loner_subgroup",2,2
"3.283084",3,"loner_subgroup",2,2
"3.912199",1,"loner_subgroup",2,2
"4.447347",2,"loner_subgroup",2,2
"4.449887",3,"loner_subgroup",2,2
"5.081179",1,"loner_subgroup",2,2
"5.622857",2,"loner_subgroup",2,2
"5.640272",3,"loner_subgroup",2,2
"6.288980",1,"loner_subgroup",2,2
"6.829206",3,"loner_subgroup",2,2
"6.873469",2,"loner_subgroup",2,2
"7.407891",1,"loner_subgroup",2,2
"7.943764",2,"loner_subgroup",2,2
"7.945578",3,"loner_subgroup",2,2
"8.562721",1,"loner_subgroup",2,2
"9.071020",3,"loner_subgroup",2,2
"9.117824",2,"loner_subgroup",2,2
"9.744399",1,"loner_subgroup",2,2
"10.245079",3,"loner_subgroup",2,2
"10.334694",2,"loner_subgroup",2,2
"10.945669",1,"loner_subgroup",2,2
"11.490250",3,"loner_subgroup",2,2
"11.545759",2,"loner_subgroup",2,2
"12.170158",1,"loner_subgroup",2,2
"12.676644",3,"loner_subgroup",2,2
"12.799274",2,"loner_subgroup",2,2
"13.362358",1,"loner_subgroup",2,2
"13.904037",3,"loner_subgroup",2,2
"13.998005",2,"loner_subgroup",2,2
"14.581406",1,"loner_subgroup",2,2
"15.112926",3,"loner_subgroup",2,2
"15.140862",2,"loner_subgroup",2,2
"15.758004",1,"loner_subgroup",2,2
"16.263763",3,"loner_subgroup",2,2
"16.308027",2,"loner_subgroup",2,2
"2.692064",1,"loner_subgroup",2,3
"3.258775",3,"loner_subgroup",2,3
"3.354921",2,"loner_subgroup",2,3
"3.998912",1,"loner_subgroup",2,3
"4.604082",3,"loner_subgroup",2,3
"4.641451",2,"loner_subgroup",2,3
"5.232834",1,"loner_subgroup",2,3
"5.803174",3,"loner_subgroup",2,3
"5.847438",2,"loner_subgroup",2,3
"6.459138",1,"loner_subgroup",2,3
"7.040726",3,"loner_subgroup",2,3
"7.075193",2,"loner_subgroup",2,3
"7.702132",1,"loner_subgroup",2,3
"8.227846",3,"loner_subgroup",2,3
"8.263039",2,"loner_subgroup",2,3
"8.889614",1,"loner_subgroup",2,3
"9.431293",3,"loner_subgroup",2,3
"9.495873",2,"loner_subgroup",2,3
"10.136599",1,"loner_subgroup",2,3
"10.701496",3,"loner_subgroup",2,3
"10.720000",2,"loner_subgroup",2,3
"11.369433",1,"loner_subgroup",2,3
"11.891882",3,"loner_subgroup",2,3
"11.963356",2,"loner_subgroup",2,3
"12.580136",1,"loner_subgroup",2,3
"13.113832",3,"loner_subgroup",2,3
"13.175147",2,"loner_subgroup",2,3
"13.732063",1,"loner_subgroup",2,3
"14.268299",3,"loner_subgroup",2,3
"14.334332",2,"loner_subgroup",2,3
"14.966350",1,"loner_subgroup",2,3
"15.425306",3,"loner_subgroup",2,3
"15.560272",2,"loner_subgroup",2,3
"16.132063",1,"loner_subgroup",2,3
"16.604082",3,"loner_subgroup",2,3
"16.677008",2,"loner_subgroup",2,3
"1.409524",1,"seq_a",2,0
"1.964263",1,"seq_a",2,0
"2.619501",1,"seq_a",2,0
"3.248980",1,"seq_a",2,0
"3.842902",1,"seq_a",2,0
"4.448798",1,"seq_a",2,0
"5.050703",1,"seq_a",2,0
"8.048616",1,"seq_a",2,0
"8.590657",2,"seq_a",2,0
"9.155918",3,"seq_a",2,0
"14.367347",1,"seq_a",2,0
"15.124172",2,"seq_a",2,0
"15.512018",3,"seq_a",2,0
"2.645261",1,"seq_a",2,1
"3.288163",2,"seq_a",2,1
"3.346939",1,"seq_a",2,1
"3.950658",3,"seq_a",2,1
"4.534785",1,"seq_a",2,1
"5.138141",2,"seq_a",2,1
"5.709569",3,"seq_a",2,1
"6.283900",1,"seq_a",2,1
"6.830657",2,"seq_a",2,1
"7.355283",3,"seq_a",2,1
"7.991292",1,"seq_a",2,1
"8.562358",2,"seq_a",2,1
"9.090975",3,"seq_a",2,1
"9.798096",1,"seq_a",2,1
"10.315465",2,"seq_a",2,1
"10.776961",3,"seq_a",2,1
"11.368708",1,"seq_a",2,1
"11.900227",2,"seq_a",2,1
"12.345759",3,"seq_a",2,1
"12.870749",1,"seq_a",2,1
"13.397551",2,"seq_a",2,1
"14.058594",3,"seq_a",2,1
"14.611156",1,"seq_a",2,1
"15.211973",2,"seq_a",2,1
"2.525896",1,"seq_a",2,2
"3.133243",2,"seq_a",2,2
"3.632834",3,"seq_a",2,2
"4.241270",1,"seq_a",2,2
"4.835193",2,"seq_a",2,2
"5.322812",3,"seq_a",2,2
"5.919274",1,"seq_a",2,2
"6.461678",2,"seq_a",2,2
"6.919547",3,"seq_a",2,2
"7.526894",1,"seq_a",2,2
"8.074739",2,"seq_a",2,2
"8.553651",3,"seq_a",2,2
"9.103311",1,"seq_a",2,2
"9.665306",2,"seq_a",2,2
"10.176508",3,"seq_a",2,2
"10.757732",1,"seq_a",2,2
"11.315737",2,"seq_a",2,2
"11.778322",3,"seq_a",2,2
"12.306939",1,"seq_a",2,2
"12.870385",2,"seq_a",2,2
"13.368526",3,"seq_a",2,2
"13.925079",1,"seq_a",2,2
"14.473651",2,"seq_a",2,2
"14.987755",3,"seq_a",2,2
"2.684082",1,"seq_a",2,3
"3.360726",2,"seq_a",2,3
"3.917642",3,"seq_a",2,3
"4.511565",1,"seq_a",2,3
"5.102585",2,"seq_a",2,3
"5.670748",3,"seq_a",2,3
"6.291519",1,"seq_a",2,3
"6.846622",2,"seq_a",2,3
"7.408979",3,"seq_a",2,3
"7.896962",1,"seq_a",2,3
"8.490521",2,"seq_a",2,3
"9.019501",3,"seq_a",2,3
"9.593832",1,"seq_a",2,3
"10.128254",2,"seq_a",2,3
"10.732698",3,"seq_a",2,3
"11.305941",1,"seq_a",2,3
"11.818232",2,"seq_a",2,3
"12.301860",3,"seq_a",2,3
"12.900862",1,"seq_a",2,3
"13.428753",2,"seq_a",2,3
"13.894603",3,"seq_a",2,3
"14.493968",1,"seq_a",2,3
"14.992109",2,"seq_a",2,3
"15.498957",3,"seq_a",2,3
"2.639819",3,"subgroup_loner",2,0
"2.701859",2,"subgroup_loner",2,0
"3.384671",1,"subgroup_loner",2,0
"3.968435",2,"subgroup_loner",2,0
"3.990567",3,"subgroup_loner",2,0
"4.639275",1,"subgroup_loner",2,0
"5.230658",2,"subgroup_loner",2,0
"5.330431",3,"subgroup_loner",2,0
"5.917098",1,"subgroup_loner",2,0
"6.489977",3,"subgroup_loner",2,0
"6.529161",2,"subgroup_loner",2,0
"7.221769",1,"subgroup_loner",2,0
"7.761270",3,"subgroup_loner",2,0
"7.825850",2,"subgroup_loner",2,0
"8.405261",1,"subgroup_loner",2,0
"8.967257",3,"subgroup_loner",2,0
"8.974512",2,"subgroup_loner",2,0
"9.560453",1,"subgroup_loner",2,0
"10.133697",3,"subgroup_loner",2,0
"10.169977",2,"subgroup_loner",2,0
"10.700408",1,"subgroup_loner",2,0
"11.237370",2,"subgroup_loner",2,0
"11.259501",3,"subgroup_loner",2,0
"11.830204",1,"subgroup_loner",2,0
"12.375873",3,"subgroup_loner",2,0
"12.476372",2,"subgroup_loner",2,0
"13.057234",1,"subgroup_loner",2,0
"13.602902",3,"subgroup_loner",2,0
"13.638095",2,"subgroup_loner",2,0
"14.202268",1,"subgroup_loner",2,0
"14.770068",3,"subgroup_loner",2,0
"14.806712",2,"subgroup_loner",2,0
"15.401361",1,"subgroup_loner",2,0
"15.946304",2,"subgroup_loner",2,0
"15.971701",3,"subgroup_loner",2,0
"16.571428",1,"subgroup_loner",2,0
"2.571973",3,"subgroup_loner",2,1
"2.690975",2,"subgroup_loner",2,1
"3.357460",1,"subgroup_loner",2,1
"3.933243",3,"subgroup_loner",2,1
"3.939410",2,"subgroup_loner",2,1
"4.575419",1,"subgroup_loner",2,1
"5.100045",3,"subgroup_loner",2,1
"5.172970",2,"subgroup_loner",2,1
"5.795556",1,"subgroup_loner",2,1
"6.335057",3,"subgroup_loner",2,1
"6.368073",2,"subgroup_loner",2,1
"6.958004",1,"subgroup_loner",2,1
"7.506213",3,"subgroup_loner",2,1
"7.558458",2,"subgroup_loner",2,1
"8.129161",1,"subgroup_loner",2,1
"8.640726",3,"subgroup_loner",2,1
"8.678458",2,"subgroup_loner",2,1
"9.294875",1,"subgroup_loner",2,1
"9.846349",3,"subgroup_loner",2,1
"9.868843",2,"subgroup_loner",2,1
"10.446440",1,"subgroup_loner",2,1
"10.998639",3,"subgroup_loner",2,1
"11.047619",2,"subgroup_loner",2,1
"11.635374",1,"subgroup_loner",2,1
"12.192653",2,"subgroup_loner",2,1
"12.196281",3,"subgroup_loner",2,1
"12.823583",1,"subgroup_loner",2,1
"13.358005",3,"subgroup_loner",2,1
"13.405895",2,"subgroup_loner",2,1
"13.955918",1,"subgroup_loner",2,1
"14.504490",3,"subgroup_loner",2,1
"14.534966",2,"subgroup_loner",2,1
"15.141587",1,"subgroup_loner",2,1
"15.641541",3,"subgroup_loner",2,1
"15.673470",2,"subgroup_loner",2,1
"16.273197",1,"subgroup_loner",2,1
"2.620589",3,"subgroup_loner",2,2
"2.684807",2,"subgroup_loner",2,2
"3.340771",1,"subgroup_loner",2,2
"3.892608",3,"subgroup_loner",2,2
"3.961905",2,"subgroup_loner",2,2
"4.596100",1,"subgroup_loner",2,2
"5.160272",3,"subgroup_loner",2,2
"5.208163",2,"subgroup_loner",2,2
"5.867030",1,"subgroup_loner",2,2
"6.385125",3,"subgroup_loner",2,2
"6.436644",2,"subgroup_loner",2,2
"7.090794",1,"subgroup_loner",2,2
"7.650612",2,"subgroup_loner",2,2
"7.667302",3,"subgroup_loner",2,2
"8.261587",1,"subgroup_loner",2,2
"8.813424",3,"subgroup_loner",2,2
"8.852970",2,"subgroup_loner",2,2
"9.462494",1,"subgroup_loner",2,2
"10.056780",3,"subgroup_loner",2,2
"10.062948",2,"subgroup_loner",2,2
"10.721451",1,"subgroup_loner",2,2
"11.284172",3,"subgroup_loner",2,2
"11.310295",2,"subgroup_loner",2,2
"11.887891",1,"subgroup_loner",2,2
"12.440454",3,"subgroup_loner",2,2
"12.477823",2,"subgroup_loner",2,2
"13.079728",1,"subgroup_loner",2,2
"13.593832",3,"subgroup_loner",2,2
"13.695419",2,"subgroup_loner",2,2
"14.288980",1,"subgroup_loner",2,2
"14.859682",3,"subgroup_loner",2,2
"14.877097",2,"subgroup_loner",2,2
"15.485896",1,"subgroup_loner",2,2
"16.021044",3,"subgroup_loner",2,2
"16.061316",2,"subgroup_loner",2,2
"16.679909",1,"subgroup_loner",2,2
"2.633651",3,"subgroup_loner",2,3
"2.644172",2,"subgroup_loner",2,3
"3.297596",1,"subgroup_loner",2,3
"3.889705",2,"subgroup_loner",2,3
"3.903129",3,"subgroup_loner",2,3
"4.460408",1,"subgroup_loner",2,3
"5.036191",3,"subgroup_loner",2,3
"5.109478",2,"subgroup_loner",2,3
"5.712109",1,"subgroup_loner",2,3
"6.281723",2,"subgroup_loner",2,3
"6.321995",3,"subgroup_loner",2,3
"6.857506",1,"subgroup_loner",2,3
"7.392290",3,"subgroup_loner",2,3
"7.482630",2,"subgroup_loner",2,3
"8.026848",1,"subgroup_loner",2,3
"8.600817",3,"subgroup_loner",2,3
"8.673016",2,"subgroup_loner",2,3
"9.227030",1,"subgroup_loner",2,3
"9.771973",3,"subgroup_loner",2,3
"9.831474",2,"subgroup_loner",2,3
"10.397823",1,"subgroup_loner",2,3
"10.916281",2,"subgroup_loner",2,3
"10.931882",3,"subgroup_loner",2,3
"11.525080",1,"subgroup_loner",2,3
"12.002177",3,"subgroup_loner",2,3
"12.079819",2,"subgroup_loner",2,3
"12.684626",1,"subgroup_loner",2,3
"13.216146",3,"subgroup_loner",2,3
"13.232471",2,"subgroup_loner",2,3
"13.836190",1,"subgroup_loner",2,3
"14.348844",3,"subgroup_loner",2,3
"14.382585",2,"subgroup_loner",2,3
"14.915193",1,"subgroup_loner",2,3
"15.435827",3,"subgroup_loner",2,3
"15.473560",2,"subgroup_loner",2,3
"16.067120",1,"subgroup_loner",2,3
"2.701497",2,"seq_b",2,0
"3.290340",3,"seq_b",2,0
"3.993107",1,"seq_b",2,0
"4.616417",2,"seq_b",2,0
"5.237914",3,"seq_b",2,0
"5.942494",1,"seq_b",2,0
"6.584671",2,"seq_b",2,0
"7.141587",3,"seq_b",2,0
"7.777959",1,"seq_b",2,0
"8.428118",2,"seq_b",2,0
"8.989751",3,"seq_b",2,0
"9.604716",1,"seq_b",2,0
"10.266485",2,"seq_b",2,0
"10.819774",3,"seq_b",2,0
"11.439818",1,"seq_b",2,0
"12.067483",2,"seq_b",2,0
"12.719456",3,"seq_b",2,0
"12.795647",1,"seq_b",2,0
"13.735692",1,"seq_b",2,0
"14.323084",2,"seq_b",2,0
"15.316463",3,"seq_b",2,0
"15.961905",1,"seq_b",2,0
"16.612427",2,"seq_b",2,0
"17.214693",3,"seq_b",2,0
"2.684444",2,"seq_b",2,1
"3.365079",3,"seq_b",2,1
"3.969161",1,"seq_b",2,1
"4.617506",2,"seq_b",2,1
"5.157007",3,"seq_b",2,1
"5.775964",1,"seq_b",2,1
"6.431565",2,"seq_b",2,1
"7.038186",3,"seq_b",2,1
"7.628843",1,"seq_b",2,1
"8.266666",2,"seq_b",2,1
"8.856236",3,"seq_b",2,1
"9.420045",1,"seq_b",2,1
"10.052789",2,"seq_b",2,1
"10.666304",3,"seq_b",2,1
"11.227211",1,"seq_b",2,1
"11.842176",2,"seq_b",2,1
"12.400544",3,"seq_b",2,1
"12.981406",1,"seq_b",2,1
"13.603628",2,"seq_b",2,1
"14.156916",3,"seq_b",2,1
"14.755555",1,"seq_b",2,1
"15.332789",2,"seq_b",2,1
"15.870476",3,"seq_b",2,1
"16.483992",1,"seq_b",2,1
"2.675011",2,"seq_b",2,2
"3.332063",3,"seq_b",2,2
"4.003991",1,"seq_b",2,2
"4.629478",2,"seq_b",2,2
"5.227392",3,"seq_b",2,2
"5.898594",1,"seq_b",2,2
"6.449705",2,"seq_b",2,2
"7.061769",3,"seq_b",2,2
"7.638639",1,"seq_b",2,2
"8.250340",2,"seq_b",2,2
"8.850068",3,"seq_b",2,2
"9.428027",1,"seq_b",2,2
"10.064399",2,"seq_b",2,2
"10.674648",3,"seq_b",2,2
"11.274377",1,"seq_b",2,2
"11.885351",2,"seq_b",2,2
"12.443719",3,"seq_b",2,2
"13.041995",1,"seq_b",2,2
"13.652970",2,"seq_b",2,2
"14.263583",3,"seq_b",2,2
"14.819774",1,"seq_b",2,2
"15.401723",2,"seq_b",2,2
"16.065306",3,"seq_b",2,2
"16.649433",1,"seq_b",2,2
"2.774422",2,"seq_b",2,3
"3.315011",3,"seq_b",2,3
"3.855964",1,"seq_b",2,3
"4.434649",2,"seq_b",2,3
"4.936054",3,"seq_b",2,3
"5.546304",1,"seq_b",2,3
"6.173243",2,"seq_b",2,3
"6.600635",3,"seq_b",2,3
"7.153923",1,"seq_b",2,3
"7.729705",2,"seq_b",2,3
"8.198458",3,"seq_b",2,3
"8.768435",1,"seq_b",2,3
"9.365261",2,"seq_b",2,3
"9.853969",3,"seq_b",2,3
"10.398549",1,"seq_b",2,3
"10.965261",2,"seq_b",2,3
"11.455057",3,"seq_b",2,3
"12.070748",1,"seq_b",2,3
"12.629841",2,"seq_b",2,3
"13.084444",3,"seq_b",2,3
"13.281089",1,"seq_b",2,3
"14.313288",2,"seq_b",2,3
"14.893062",3,"seq_b",2,3
"15.384309",1,"seq_b",2,3
"2.691701",3,"seq_c",2,0
"3.350930",1,"seq_c",2,0
"3.968073",2,"seq_c",2,0
"4.583764",3,"seq_c",2,0
"5.156644",1,"seq_c",2,0
"5.776690",2,"seq_c",2,0
"6.312562",3,"seq_c",2,0
"6.991746",1,"seq_c",2,0
"7.588572",2,"seq_c",2,0
"8.178503",3,"seq_c",2,0
"8.818141",1,"seq_c",2,0
"9.365261",2,"seq_c",2,0
"9.918549",3,"seq_c",2,0
"10.532063",1,"seq_c",2,0
"11.099864",2,"seq_c",2,0
"11.672744",3,"seq_c",2,0
"12.241270",1,"seq_c",2,0
"12.806893",2,"seq_c",2,0
"13.336598",3,"seq_c",2,0
"13.947574",1,"seq_c",2,0
"14.702948",2,"seq_c",2,0
"15.228299",3,"seq_c",2,0
"15.784490",1,"seq_c",2,0
"16.352654",2,"seq_c",2,0
"2.663401",3,"seq_c",2,1
"3.282721",1,"seq_c",2,1
"3.872653",2,"seq_c",2,1
"4.432109",3,"seq_c",2,1
"5.071746",1,"seq_c",2,1
"5.697959",2,"seq_c",2,1
"6.259954",3,"seq_c",2,1
"6.917007",1,"seq_c",2,1
"7.481905",2,"seq_c",2,1
"8.018867",3,"seq_c",2,1
"8.578322",1,"seq_c",2,1
"9.214694",2,"seq_c",2,1
"9.754558",3,"seq_c",2,1
"10.268299",1,"seq_c",2,1
"10.911565",2,"seq_c",2,1
"11.454331",3,"seq_c",2,1
"11.898775",1,"seq_c",2,1
"12.503220",2,"seq_c",2,1
"13.027121",3,"seq_c",2,1
"13.671474",1,"seq_c",2,1
"14.233832",2,"seq_c",2,1
"14.800181",3,"seq_c",2,1
"15.319366",1,"seq_c",2,1
"15.876644",2,"seq_c",2,1
"2.628209",3,"seq_c",2,2
"3.274739",1,"seq_c",2,2
"3.848345",2,"seq_c",2,2
"4.437188",3,"seq_c",2,2
"5.044535",1,"seq_c",2,2
"5.632653",2,"seq_c",2,2
"6.179773",3,"seq_c",2,2
"6.815420",1,"seq_c",2,2
"7.369433",2,"seq_c",2,2
"7.913288",3,"seq_c",2,2
"8.528254",1,"seq_c",2,2
"9.116009",2,"seq_c",2,2
"9.701588",3,"seq_c",2,2
"10.319093",1,"seq_c",2,2
"10.880000",2,"seq_c",2,2
"11.467030",3,"seq_c",2,2
"12.066031",1,"seq_c",2,2
"12.657052",2,"seq_c",2,2
"13.180590",3,"seq_c",2,2
"13.804626",1,"seq_c",2,2
"14.346666",2,"seq_c",2,2
"15.066122",3,"seq_c",2,2
"15.648436",1,"seq_c",2,2
"16.205351",2,"seq_c",2,2
"2.608254",3,"seq_c",2,3
"3.245352",1,"seq_c",2,3
"3.857778",2,"seq_c",2,3
"4.481814",3,"seq_c",2,3
"5.076826",1,"seq_c",2,3
"5.700499",2,"seq_c",2,3
"6.326349",3,"seq_c",2,3
"6.955102",1,"seq_c",2,3
"7.496417",2,"seq_c",2,3
"8.047892",3,"seq_c",2,3
"8.669024",1,"seq_c",2,3
"9.276009",2,"seq_c",2,3
"9.873198",3,"seq_c",2,3
"10.446077",1,"seq_c",2,3
"11.057053",2,"seq_c",2,3
"11.670930",3,"seq_c",2,3
"12.225307",1,"seq_c",2,3
"12.830839",2,"seq_c",2,3
"13.466123",3,"seq_c",2,3
"14.040091",1,"seq_c",2,3
"14.653605",2,"seq_c",2,3
"15.234468",3,"seq_c",2,3
"15.822585",1,"seq_c",2,3
"16.408890",2,"seq_c",2,3
"2.676463",3,"simultaneous",2,0
"2.678277",2,"simultaneous",2,0
"2.706213",1,"simultaneous",2,0
"3.322268",3,"simultaneous",2,0
"3.336417",2,"simultaneous",2,0
"3.371973",1,"simultaneous",2,0
"3.921995",3,"simultaneous",2,0
"4.000000",2,"simultaneous",2,0
"4.019229",1,"simultaneous",2,0
"4.583401",3,"simultaneous",2,0
"4.605170",1,"simultaneous",2,0
"4.633832",2,"simultaneous",2,0
"5.248435",2,"simultaneous",2,0
"5.259320",3,"simultaneous",2,0
"5.301769",1,"simultaneous",2,0
"5.861588",3,"simultaneous",2,0
"5.923628",1,"simultaneous",2,0
"5.949750",2,"simultaneous",2,0
"6.510658",3,"simultaneous",2,0
"6.557823",2,"simultaneous",2,0
"6.585034",1,"simultaneous",2,0
"7.158639",3,"simultaneous",2,0
"7.235556",1,"simultaneous",2,0
"7.242086",2,"simultaneous",2,0
"7.847982",3,"simultaneous",2,0
"7.857778",2,"simultaneous",2,0
"7.886803",1,"simultaneous",2,0
"8.475284",3,"simultaneous",2,0
"8.516281",1,"simultaneous",2,0
"8.524626",2,"simultaneous",2,0
"9.097506",3,"simultaneous",2,0
"9.159909",1,"simultaneous",2,0
"9.160997",2,"simultaneous",2,0
"9.738232",3,"simultaneous",2,0
"9.800272",2,"simultaneous",2,0
"9.814422",1,"simultaneous",2,0
"10.415601",3,"simultaneous",2,0
"10.447528",2,"simultaneous",2,0
"10.481270",1,"simultaneous",2,0
"11.070839",3,"simultaneous",2,0
"11.104581",1,"simultaneous",2,0
"11.119819",2,"simultaneous",2,0
"11.704309",3,"simultaneous",2,0
"11.733334",1,"simultaneous",2,0
"11.742766",2,"simultaneous",2,0
"12.276463",3,"simultaneous",2,0
"12.347573",1,"simultaneous",2,0
"12.405261",2,"simultaneous",2,0
"12.985034",1,"simultaneous",2,0
"12.989025",2,"simultaneous",2,0
"13.007166",3,"simultaneous",2,0
"13.561905",3,"simultaneous",2,0
"13.651882",2,"simultaneous",2,0
"13.668209",1,"simultaneous",2,0
"14.247256",3,"simultaneous",2,0
"14.307846",2,"simultaneous",2,0
"14.327075",1,"simultaneous",2,0
"14.954740",1,"simultaneous",2,0
"14.958005",3,"simultaneous",2,0
"14.973605",2,"simultaneous",2,0
"15.545397",3,"simultaneous",2,0
"15.600544",1,"simultaneous",2,0
"15.656780",2,"simultaneous",2,0
"16.165806",3,"simultaneous",2,0
"16.242722",1,"simultaneous",2,0
"16.267756",2,"simultaneous",2,0
"16.829388",3,"simultaneous",2,0
"16.881269",2,"simultaneous",2,0
"16.900862",1,"simultaneous",2,0
"17.440001",3,"simultaneous",2,0
"17.513651",1,"simultaneous",2,0
"17.565533",2,"simultaneous",2,0
"2.612971",3,"simultaneous",2,1
"2.689524",2,"simultaneous",2,1
"2.700045",1,"simultaneous",2,1
"3.281633",3,"simultaneous",2,1
"3.352381",2,"simultaneous",2,1
"3.357823",1,"simultaneous",2,1
"3.957188",3,"simultaneous",2,1
"3.997460",1,"simultaneous",2,1
"4.044989",2,"simultaneous",2,1
"4.649796",3,"simultaneous",2,1
"4.675556",1,"simultaneous",2,1
"4.712200",2,"simultaneous",2,1
"5.312653",3,"simultaneous",2,1
"5.359093",2,"simultaneous",2,1
"5.360181",1,"simultaneous",2,1
"5.942132",3,"simultaneous",2,1
"6.001633",2,"simultaneous",2,1
"6.038640",1,"simultaneous",2,1
"6.647075",3,"simultaneous",2,1
"6.665941",1,"simultaneous",2,1
"6.695329",2,"simultaneous",2,1
"7.256598",3,"simultaneous",2,1
"7.322630",1,"simultaneous",2,1
"7.386122",2,"simultaneous",2,1
"7.950295",3,"simultaneous",2,1
"8.013787",1,"simultaneous",2,1
"8.039184",2,"simultaneous",2,1
"8.554739",3,"simultaneous",2,1
"8.690068",1,"simultaneous",2,1
"8.696961",2,"simultaneous",2,1
"9.244081",3,"simultaneous",2,1
"9.337687",1,"simultaneous",2,1
"9.429841",2,"simultaneous",2,1
"10.009615",3,"simultaneous",2,1
"10.046621",1,"simultaneous",2,1
"10.067302",2,"simultaneous",2,1
"10.660862",3,"simultaneous",2,1
"10.717823",1,"simultaneous",2,1
"10.757007",2,"simultaneous",2,1
"11.325895",3,"simultaneous",2,1
"11.409705",1,"simultaneous",2,1
"11.440544",2,"simultaneous",2,1
"12.034830",3,"simultaneous",2,1
"12.055147",1,"simultaneous",2,1
"12.111020",2,"simultaneous",2,1
"12.739410",1,"simultaneous",2,1
"12.740862",2,"simultaneous",2,1
"12.743764",3,"simultaneous",2,1
"13.355465",3,"simultaneous",2,1
"13.399728",2,"simultaneous",2,1
"13.408798",1,"simultaneous",2,1
"14.014694",3,"simultaneous",2,1
"14.051701",1,"simultaneous",2,1
"14.083265",2,"simultaneous",2,1
"14.709478",3,"simultaneous",2,1
"14.718911",1,"simultaneous",2,1
"14.752291",2,"simultaneous",2,1
"15.352381",3,"simultaneous",2,1
"15.404988",1,"simultaneous",2,1
"15.406077",2,"simultaneous",2,1
"16.018866",3,"simultaneous",2,1
"16.033379",1,"simultaneous",2,1
"16.061678",2,"simultaneous",2,1
"16.619682",1,"simultaneous",2,1
"16.684626",3,"simultaneous",2,1
"16.706032",2,"simultaneous",2,1
"17.279274",3,"simultaneous",2,1
"17.329704",1,"simultaneous",2,1
"17.345669",2,"simultaneous",2,1
"17.905849",3,"simultaneous",2,1
"17.981678",2,"simultaneous",2,1
"18.015419",1,"simultaneous",2,1
"2.671746",3,"simultaneous",2,2
"2.705125",2,"simultaneous",2,2
"2.733787",1,"simultaneous",2,2
"3.309932",3,"simultaneous",2,2
"3.329524",2,"simultaneous",2,2
"3.345850",1,"simultaneous",2,2
"3.931429",3,"simultaneous",2,2
"3.977143",2,"simultaneous",2,2
"4.009070",1,"simultaneous",2,2
"4.579411",3,"simultaneous",2,2
"4.638549",2,"simultaneous",2,2
"4.698413",1,"simultaneous",2,2
"5.261134",3,"simultaneous",2,2
"5.292698",2,"simultaneous",2,2
"5.295238",1,"simultaneous",2,2
"5.849252",3,"simultaneous",2,2
"5.916009",2,"simultaneous",2,2
"5.958095",1,"simultaneous",2,2
"6.526984",2,"simultaneous",2,2
"6.528435",3,"simultaneous",2,2
"6.571973",1,"simultaneous",2,2
"7.121270",3,"simultaneous",2,2
"7.168436",1,"simultaneous",2,2
"7.226485",2,"simultaneous",2,2
"7.758368",3,"simultaneous",2,2
"7.787392",2,"simultaneous",2,2
"7.825125",1,"simultaneous",2,2
"8.361361",3,"simultaneous",2,2
"8.401632",2,"simultaneous",2,2
"8.423038",1,"simultaneous",2,2
"8.937143",3,"simultaneous",2,2
"9.004263",2,"simultaneous",2,2
"9.053243",1,"simultaneous",2,2
"9.522358",3,"simultaneous",2,2
"9.598549",2,"simultaneous",2,2
"9.688526",1,"simultaneous",2,2
"10.235284",3,"simultaneous",2,2
"10.253424",2,"simultaneous",2,2
"10.278821",1,"simultaneous",2,2
"10.814693",3,"simultaneous",2,2
"10.872381",2,"simultaneous",2,2
"10.915556",1,"simultaneous",2,2
"11.426758",3,"simultaneous",2,2
"11.483719",2,"simultaneous",2,2
"11.506939",1,"simultaneous",2,2
"12.050068",3,"simultaneous",2,2
"12.092155",2,"simultaneous",2,2
"12.150204",1,"simultaneous",2,2
"12.662131",3,"simultaneous",2,2
"12.680998",2,"simultaneous",2,2
"12.752109",1,"simultaneous",2,2
"13.262585",3,"simultaneous",2,2
"13.314467",2,"simultaneous",2,2
"13.383039",1,"simultaneous",2,2
"13.908752",3,"simultaneous",2,2
"13.965351",2,"simultaneous",2,2
"14.015420",1,"simultaneous",2,2
"14.485623",3,"simultaneous",2,2
"14.624580",1,"simultaneous",2,2
"14.626394",2,"simultaneous",2,2
"15.127075",3,"simultaneous",2,2
"15.221043",1,"simultaneous",2,2
"15.227573",2,"simultaneous",2,2
"15.760544",3,"simultaneous",2,2
"15.851973",2,"simultaneous",2,2
"15.902040",1,"simultaneous",2,2
"16.430294",3,"simultaneous",2,2
"16.481813",2,"simultaneous",2,2
"16.545305",1,"simultaneous",2,2
"17.064489",3,"simultaneous",2,2
"17.121450",1,"simultaneous",2,2
"17.139591",2,"simultaneous",2,2
"2.639456",1,"simultaneous",2,3
"2.642358",2,"simultaneous",2,3
"2.661950",3,"simultaneous",2,3
"3.249705",3,"simultaneous",2,3
"3.293243",2,"simultaneous",2,3
"3.303764",1,"simultaneous",2,3
"3.854512",3,"simultaneous",2,3
"3.891156",2,"simultaneous",2,3
"3.967347",1,"simultaneous",2,3
"4.517370",2,"simultaneous",2,3
"4.559819",3,"simultaneous",2,3
"4.584127",1,"simultaneous",2,3
"5.159909",2,"simultaneous",2,3
"5.162086",3,"simultaneous",2,3
"5.213605",1,"simultaneous",2,3
"5.787211",2,"simultaneous",2,3
"5.794104",3,"simultaneous",2,3
"5.847075",1,"simultaneous",2,3
"6.406893",3,"simultaneous",2,3
"6.413061",2,"simultaneous",2,3
"6.483809",1,"simultaneous",2,3
"7.013877",3,"simultaneous",2,3
"7.059229",2,"simultaneous",2,3
"7.135056",1,"simultaneous",2,3
"7.699592",3,"simultaneous",2,3
"7.714467",2,"simultaneous",2,3
"7.740952",1,"simultaneous",2,3
"8.295329",3,"simultaneous",2,3
"8.359183",2,"simultaneous",2,3
"8.382403",1,"simultaneous",2,3
"8.917913",3,"simultaneous",2,3
"8.972698",2,"simultaneous",2,3
"9.019864",1,"simultaneous",2,3
"9.540499",3,"simultaneous",2,3
"9.626485",2,"simultaneous",2,3
"9.641724",1,"simultaneous",2,3
"10.147846",3,"simultaneous",2,3
"10.259954",1,"simultaneous",2,3
"10.264308",2,"simultaneous",2,3
"10.799456",3,"simultaneous",2,3
"10.882540",2,"simultaneous",2,3
"10.886168",1,"simultaneous",2,3
"11.393742",3,"simultaneous",2,3
"11.488436",1,"simultaneous",2,3
"11.534513",2,"simultaneous",2,3
"12.033379",3,"simultaneous",2,3
"12.108118",1,"simultaneous",2,3
"12.118639",2,"simultaneous",2,3
"12.643991",3,"simultaneous",2,3
"12.751020",2,"simultaneous",2,3
"12.754648",1,"simultaneous",2,3
"13.280000",3,"simultaneous",2,3
"13.326802",1,"simultaneous",2,3
"13.355827",2,"simultaneous",2,3
"13.887347",3,"simultaneous",2,3
"13.945034",1,"simultaneous",2,3
"13.948662",2,"simultaneous",2,3
"14.431202",3,"simultaneous",2,3
"14.536780",2,"simultaneous",2,3
"14.636916",1,"simultaneous",2,3
"15.177869",2,"simultaneous",2,3
"15.185488",1,"simultaneous",2,3
"15.195284",3,"simultaneous",2,3
"15.803719",3,"simultaneous",2,3
"15.812427",2,"simultaneous",2,3
"15.818594",1,"simultaneous",2,3
"16.363537",3,"simultaneous",2,3
"16.412880",2,"simultaneous",2,3
"16.425579",1,"simultaneous",2,3
"16.941860",3,"simultaneous",2,3
"17.033651",1,"simultaneous",2,3
"17.041269",2,"simultaneous",2,3
"3.050522",1,"seq_c",99,1
"3.779410",1,"seq_c",99,1
"4.557642",1,"seq_c",99,1
"5.319909",1,"seq_c",99,1
"6.085805",1,"seq_c",99,1
"6.858594",1,"seq_c",99,1
"7.570068",1,"seq_c",99,1
"8.309115",1,"seq_c",99,1
"9.031474",1,"seq_c",99,1
"9.847438",1,"seq_c",99,1
"10.599546",1,"seq_c",99,1
"11.385397",1,"seq_c",99,1
"12.091065",1,"seq_c",99,1
"12.858050",1,"seq_c",99,1
"13.594920",1,"seq_c",99,1
"14.258141",1,"seq_c",99,1
"14.937687",1,"seq_c",99,1
"15.687619",1,"seq_c",99,1
"16.473469",1,"seq_c",99,1
"17.250975",1,"seq_c",99,1
"18.020498",1,"seq_c",99,1
"18.769705",1,"seq_c",99,1
"19.490612",1,"seq_c",99,1
"20.197733",1,"seq_c",99,1
"3.083175",1,"seq_c",99,2
"4.054422",1,"seq_c",99,2
"4.965079",1,"seq_c",99,2
"5.903311",1,"seq_c",99,2
"6.727256",1,"seq_c",99,2
"7.616145",1,"seq_c",99,2
"8.457869",1,"seq_c",99,2
"9.270567",1,"seq_c",99,2
"10.043356",1,"seq_c",99,2
"10.874557",1,"seq_c",99,2
"11.650612",1,"seq_c",99,2
"12.392200",1,"seq_c",99,2
"13.106938",1,"seq_c",99,2
"13.929070",1,"seq_c",99,2
"14.598458",1,"seq_c",99,2
"15.361089",1,"seq_c",99,2
"16.095783",1,"seq_c",99,2
"16.917551",1,"seq_c",99,2
"17.608345",1,"seq_c",99,2
"18.386938",1,"seq_c",99,2
"19.187302",1,"seq_c",99,2
"19.953922",1,"seq_c",99,2
"20.579773",1,"seq_c",99,2
"21.360182",1,"seq_c",99,2
"11.422041",1,"seq_c",99,3
"12.088163",1,"seq_c",99,3
"12.855873",1,"seq_c",99,3
"13.665668",1,"seq_c",99,3
"14.478368",1,"seq_c",99,3
"15.290703",1,"seq_c",99,3
"16.193378",1,"seq_c",99,3
"17.036917",1,"seq_c",99,3
"17.910566",1,"seq_c",99,3
"18.711292",1,"seq_c",99,3
"19.496780",1,"seq_c",99,3
"20.272108",1,"seq_c",99,3
"20.979954",1,"seq_c",99,3
"21.830748",1,"seq_c",99,3
"22.591564",1,"seq_c",99,3
"23.397007",1,"seq_c",99,3
"24.194830",1,"seq_c",99,3
"25.003174",1,"seq_c",99,3
"25.728073",1,"seq_c",99,3
"26.598095",1,"seq_c",99,3
"27.429661",1,"seq_c",99,3
"28.229298",1,"seq_c",99,3
"29.048527",1,"seq_c",99,3
"29.860498",1,"seq_c",99,3
